enzyme,strand,cut_site,regex,offset,CpG_priority,high_fidelity,site_length,degenerate,effective_length,CpG_sensitive,CpG_level,units_ul,units,cost,cents_unit,temperature,buffer,heat_inactivation,star_activity,one_hour_limit,HiFiRe3_compatible,initial_priority,comments
BamHI,0,GGATCC,GGATCC,1,5,TRUE,6,FALSE,6,FALSE,NA,20000,50000,276,0.6,37,CutSmart,0/0,FALSE,FALSE,FALSE,5,increased binding of the enzyme to the DNA
BglII,0,AGATCT,AGATCT,1,5,FALSE,6,FALSE,6,FALSE,NA,10000,10000,280,2.8,37,NEBuffer r3.1,0/0,FALSE,FALSE,FALSE,5,
EcoRI,0,GAATTC,GAATTC,1,4,TRUE,6,FALSE,6,TRUE,blocked,20000,50000,276,0.6,37,CutSmart,65/20,FALSE,FALSE,FALSE,5,
HinDIII,0,AAGCTT,AAGCTT,1,5,TRUE,6,FALSE,6,FALSE,NA,20000,50000,276,0.6,37,CutSmart,80/20,FALSE,FALSE,FALSE,5,
NcoI,0,CCATGG,CCATGG,1,5,TRUE,6,FALSE,6,FALSE,NA,20000,5000,300,6,37,CutSmart,80/20,FALSE,FALSE,FALSE,5,
SpeI,0,ACTAGT,ACTAGT,1,5,TRUE,6,FALSE,6,FALSE,NA,20000,2500,323,12.9,37,CutSmart,80/20,FALSE,FALSE,FALSE,5,
XbaI,0,TCTAGA,TCTAGA,1,5,FALSE,6,FALSE,6,FALSE,NA,20000,15000,317,2.1,37,CutSmart,65/20,FALSE,FALSE,FALSE,5,Blocked by overlapping dam methylation
XhoI,0,CTCGAG,CTCGAG,1,4,FALSE,6,FALSE,6,TRUE,impaired,20000,25000,317,1.3,37,CutSmart,65/20,FALSE,FALSE,FALSE,5,
NotI,0,GCGGCCGC,GCGGCCGC,2,4,TRUE,8,FALSE,8,TRUE,blocked,20000,2500,345,13.8,37,CutSmart,65/20,FALSE,FALSE,FALSE,5,
